id,stockId,stockName,stockClass,startDate
0,0000,?,?,3000/01/01
100000,0050,台灣50,ETF,2008/01/02
100001,1565,精華,櫃生技,2004/03/30
1,1101,台泥,水泥工業,1962/02/09
2,1102,亞泥,水泥工業,1962/06/08
3,1103,嘉泥,水泥工業,1969/11/14
4,1104,環泥,水泥工業,1971/02/01
5,1108,幸福,水泥工業,1990/06/06
6,1109,信大,水泥工業,1991/12/05
7,1110,東泥,水泥工業,1994/10/22
8,1201,味全,食品工業,1962/02/09
9,1203,味王,食品工業,1964/08/24
10,1210,大成,食品工業,1978/05/20
11,1213,大飲,食品工業,1981/04/10
12,1215,卜蜂,食品工業,1987/07/27
13,1216,統一,食品工業,1987/12/28
14,1217,愛之味,食品工業,1989/10/28
15,1218,泰山,食品工業,1989/11/11
16,1219,福壽,食品工業,1990/12/01
17,1220,台榮,食品工業,1991/11/20
18,1225,福懋油,食品工業,1993/09/27
19,1227,佳格,食品工業,1994/04/09
20,1229,聯華,食品工業,1976/07/19
21,1231,聯華食,食品工業,1995/11/02
22,1232,大統益,食品工業,1996/02/09
23,1233,天仁,食品工業,1999/01/20
24,1234,黑松,食品工業,1999/03/12
25,1235,興泰,食品工業,2000/09/11
26,1236,宏亞,食品工業,2001/09/17
27,1256,鮮活果汁-KY,食品工業,2016/03/17
28,1301,台塑,塑膠工業,1964/07/27
29,1303,南亞,塑膠工業,1967/11/05
30,1304,台聚,塑膠工業,1972/05/20
31,1305,華夏,塑膠工業,1973/03/05
32,1307,三芳,塑膠工業,1985/11/23
33,1308,亞聚,塑膠工業,1986/06/20
34,1309,台達化,塑膠工業,1986/06/27
35,1310,台苯,塑膠工業,1987/08/06
36,1312,國喬,塑膠工業,1988/12/21
37,1313,聯成,塑膠工業,1989/03/27
38,1314,中石化,塑膠工業,1991/07/12
39,1315,達新,塑膠工業,1992/05/09
40,1316,上曜,建材營造業,1992/10/15
41,1319,東陽,汽車工業,1994/12/12
42,1321,大洋,塑膠工業,1999/01/26
43,1323,永裕,塑膠工業,2000/09/11
44,1324,地球,塑膠工業,2000/09/11
45,1325,恆大,塑膠工業,2000/09/11
46,1326,台化,塑膠工業,1984/12/20
47,1337,再生-KY,塑膠工業,2011/07/01
48,1338,廣華-KY,汽車工業,2012/12/19
49,1339,昭輝,汽車工業,2012/04/24
50,1340,勝悅-KY,塑膠工業,2013/12/06
51,1341,富林-KY,塑膠工業,2018/12/24
52,1342,八貫,其他業,2020/11/24
53,1402,遠東新,紡織纖維,1967/04/14
54,1409,新纖,紡織纖維,1973/08/31
55,1410,南染,紡織纖維,1973/10/18
56,1413,宏洲,紡織纖維,1975/12/23
57,1414,東和,紡織纖維,1976/02/02
58,1416,廣豐,其他業,1976/04/20
59,1417,嘉裕,紡織纖維,1976/12/28
60,1418,東華,紡織纖維,1977/02/14
61,1419,新紡,紡織纖維,1977/03/14
62,1423,利華,紡織纖維,1979/04/02
63,1432,大魯閣,貿易百貨業,1982/07/26
64,1434,福懋,紡織纖維,1985/12/24
65,1435,中福,其他業,1987/12/28
66,1436,華友聯,建材營造業,1988/04/11
67,1437,勤益控,其他業,1988/11/10
68,1438,三地開發,建材營造業,1988/12/15
69,1439,雋揚,紡織纖維,1989/05/22
70,1440,南紡,紡織纖維,1989/10/03
71,1441,大東,紡織纖維,1989/10/27
72,1442,名軒,建材營造業,1989/11/16
73,1443,立益物流,其他業,1990/04/21
74,1444,力麗,紡織纖維,1990/08/08
75,1445,大宇,紡織纖維,1991/02/05
76,1446,宏和,紡織纖維,1991/10/15
77,1447,力鵬,紡織纖維,1992/01/28
78,1449,佳和,紡織纖維,1992/03/12
79,1451,年興,紡織纖維,1992/12/21
80,1452,宏益,紡織纖維,1992/12/28
81,1453,大將,建材營造業,1993/04/19
82,1454,台富,紡織纖維,1993/05/07
83,1455,集盛,紡織纖維,1993/10/07
84,1456,怡華,建材營造業,1993/12/09
85,1457,宜進,紡織纖維,1994/10/20
86,1459,聯發,紡織纖維,1994/10/26
87,1460,宏遠,紡織纖維,1995/04/28
88,1463,強盛,紡織纖維,1996/12/05
89,1464,得力,紡織纖維,1997/01/18
90,1465,偉全,紡織纖維,1997/09/08
91,1466,聚隆,紡織纖維,1998/04/04
92,1467,南緯,紡織纖維,1998/12/21
93,1468,昶和,紡織纖維,1999/01/21
94,1470,大統新創,紡織纖維,1999/05/21
95,1471,首利,電子零組件業,2000/03/06
96,1472,三洋實業,紡織纖維,2000/09/11
97,1473,台南,紡織纖維,2000/09/11
98,1474,弘裕,紡織纖維,2000/10/31
99,1475,業旺,紡織纖維,2000/10/27
100,1476,儒鴻,紡織纖維,2001/04/18
101,1477,聚陽,紡織纖維,2003/01/21
102,1503,士電,電機機械,1969/12/15
103,1504,東元,電機機械,1973/11/05
104,1506,正道,電機機械,1980/08/11
105,1512,瑞利,汽車工業,1994/01/28
106,1513,中興電,電機機械,1994/03/08
107,1514,亞力,電機機械,1994/03/26
108,1515,力山,電機機械,1995/02/04
109,1516,川飛,其他業,1995/04/01
110,1517,利奇,電機機械,1995/11/14
111,1519,華城,電機機械,1997/04/16
112,1521,大億,汽車工業,1997/10/06
113,1522,堤維西,汽車工業,1997/10/06
114,1524,耿鼎,汽車工業,1998/10/30
115,1525,江申,汽車工業,1999/05/15
116,1526,日馳,電機機械,2000/03/27
117,1527,鑽全,電機機械,2000/06/21
118,1528,恩德,電機機械,2000/09/11
119,1529,樂事綠能,電機機械,2000/09/11
120,1530,亞崴,電機機械,2000/09/11
121,1531,高林股,電機機械,2000/09/11
122,1532,勤美,電機機械,2000/09/11
123,1533,車王電,汽車工業,2001/04/06
124,1535,中宇,電機機械,2001/09/17
125,1536,和大,汽車工業,2001/09/17
126,1537,廣隆,電機機械,2002/01/22
127,1538,正峰,電機機械,2002/08/26
128,1539,巨庭,電機機械,2002/10/29
129,1540,喬福,電機機械,2002/08/26
130,1541,錩泰,電機機械,2003/03/19
131,1558,伸興,電機機械,2014/12/23
132,1560,中砂,電機機械,2005/01/31
133,1568,倉佑,汽車工業,2014/05/14
134,1582,信錦,電子零組件業,2009/12/17
135,1583,程泰,電機機械,2008/01/24
136,1587,吉茂,汽車工業,2018/04/16
137,1589,永冠-KY,電機機械,2012/04/27
138,1590,亞德客-KY,電機機械,2010/12/13
139,1597,直得,電機機械,2020/12/23
140,1598,岱宇,生技醫療業,2016/09/20
141,1603,華電,電器電纜,1968/06/03
142,1604,聲寶,電器電纜,1970/12/14
143,1605,華新,電器電纜,1972/11/03
144,1608,華榮,電器電纜,1988/07/11
145,1609,大亞,電器電纜,1988/12/12
146,1611,中電,電器電纜,1990/01/16
147,1612,宏泰,電器電纜,1993/05/08
148,1614,三洋電,電器電纜,1997/09/18
149,1615,大山,電器電纜,2000/03/30
150,1616,億泰,電器電纜,2000/09/11
151,1617,榮星,電器電纜,2000/09/11
152,1618,合機,電器電纜,2000/09/11
153,1626,艾美特-KY,電器電纜,2013/03/21
154,1701,中化,生技醫療業,1962/02/09
155,1702,南僑,食品工業,1973/05/30
156,1707,葡萄王,生技醫療業,1982/12/20
157,1708,東鹼,化學工業,1986/06/16
158,1709,和益,化學工業,1986/07/03
159,1710,東聯,化學工業,1987/10/21
160,1711,永光,化學工業,1988/12/27
161,1712,興農,化學工業,1989/12/14
162,1713,國化,化學工業,1990/01/31
163,1714,和桐,化學工業,1991/08/30
164,1717,長興,化學工業,1994/03/31
165,1718,中纖,化學工業,1963/12/02
166,1720,生達,生技醫療業,1995/12/12
167,1721,三晃,化學工業,1996/05/16
168,1722,台肥,化學工業,1998/03/24
169,1723,中碳,化學工業,1998/11/27
170,1725,元禎,化學工業,2000/09/11
171,1726,永記,化學工業,2000/09/11
172,1727,中華化,化學工業,2000/09/11
173,1730,花仙子,化學工業,2001/09/17
174,1731,美吾華,生技醫療業,2001/09/17
175,1732,毛寶,化學工業,2001/09/17
176,1733,五鼎,生技醫療業,2001/09/17
177,1734,杏輝,生技醫療業,2002/08/26
178,1735,日勝化,化學工業,2002/08/26
179,1736,喬山,生技醫療業,2003/01/09
180,1737,臺鹽,食品工業,2003/11/18
181,1752,南光,生技醫療業,2022/01/19
182,1760,寶齡富錦,生技醫療業,2018/01/23
183,1762,中化生,生技醫療業,2010/12/20
184,1773,勝一,化學工業,2009/02/27
185,1776,展宇,化學工業,2016/05/09
186,1783,和康生,生技醫療業,2013/12/20
187,1786,科妍,生技醫療業,2013/11/12
188,1789,神隆,生技醫療業,2011/09/29
189,1795,美時,生技醫療業,2019/12/16
190,1802,台玻,玻璃陶瓷,1973/07/20
191,1805,寶徠,建材營造業,1989/10/20
192,1806,冠軍,玻璃陶瓷,1992/09/29
193,1808,潤隆,建材營造業,1994/10/26
194,1809,中釉,玻璃陶瓷,1996/04/30
195,1810,和成,玻璃陶瓷,1991/10/14
196,1817,凱撒衛,玻璃陶瓷,2013/10/24
197,1903,士紙,造紙工業,1963/12/09
198,1904,正隆,造紙工業,1971/09/10
199,1905,華紙,造紙工業,1975/02/07
200,1906,寶隆,造紙工業,1976/04/26
201,1907,永豐餘,造紙工業,1977/02/22
202,1909,榮成,造紙工業,1985/11/19
203,2002,中鋼,鋼鐵工業,1974/12/26
204,2006,東和鋼鐵,鋼鐵工業,1988/07/13
205,2007,燁興,鋼鐵工業,1988/10/04
206,2008,高興昌,鋼鐵工業,1988/12/28
207,2009,第一銅,鋼鐵工業,1989/10/20
208,2010,春源,鋼鐵工業,1989/12/22
209,2012,春雨,鋼鐵工業,1991/10/17
210,2013,中鋼構,鋼鐵工業,1992/01/21
211,2014,中鴻,鋼鐵工業,1992/02/20
212,2015,豐興,鋼鐵工業,1992/05/25
213,2017,官田鋼,鋼鐵工業,1992/11/02
214,2020,美亞,鋼鐵工業,1993/04/27
215,2022,聚亨,鋼鐵工業,1995/03/27
216,2023,燁輝,鋼鐵工業,1995/07/28
217,2024,志聯,鋼鐵工業,1995/12/30
218,2025,千興,鋼鐵工業,1996/02/08
219,2027,大成鋼,鋼鐵工業,1996/10/24
220,2028,威致,鋼鐵工業,1996/12/13
221,2029,盛餘,鋼鐵工業,1997/01/11
222,2030,彰源,鋼鐵工業,1998/12/24
223,2031,新光鋼,鋼鐵工業,2000/09/11
224,2032,新鋼,鋼鐵工業,2000/09/11
225,2033,佳大,鋼鐵工業,2000/09/11
226,2034,允強,鋼鐵工業,2001/09/17
227,2038,海光,鋼鐵工業,2008/12/30
228,2049,上銀,電機機械,2009/06/26
229,2059,川湖,電子零組件業,2008/06/25
230,2062,橋椿,其他業,2007/11/16
231,2069,運錩,鋼鐵工業,2016/03/22
232,2101,南港,橡膠工業,1963/11/01
233,2102,泰豐,橡膠工業,1979/07/16
234,2103,台橡,橡膠工業,1982/09/25
235,2104,國際中橡,橡膠工業,1986/07/15
236,2105,正新,橡膠工業,1987/12/07
237,2106,建大,橡膠工業,1990/12/20
238,2107,厚生,橡膠工業,1992/03/03
239,2108,南帝,橡膠工業,1992/10/27
240,2109,華豐,橡膠工業,2000/05/08
241,2114,鑫永銓,橡膠工業,2010/12/29
242,2115,六暉-KY,汽車工業,2013/12/25
243,2201,裕隆,汽車工業,1976/07/08
244,2204,中華,汽車工業,1991/03/12
245,2206,三陽工業,汽車工業,1996/07/29
246,2207,和泰車,汽車工業,1997/02/25
247,2208,台船,航運業,2008/12/22
248,2211,長榮鋼,鋼鐵工業,2021/04/12
249,2227,裕日車,汽車工業,2004/12/21
250,2228,劍麟,汽車工業,2013/11/25
251,2231,為升,汽車工業,2010/11/19
252,2233,宇隆,汽車工業,2019/09/17
253,2236,百達-KY,汽車工業,2015/06/03
254,2239,英利-KY,汽車工業,2016/01/27
255,2241,艾姆勒,汽車工業,2020/08/26
256,2243,宏旭-KY,汽車工業,2017/09/27
257,2247,汎德永業,汽車工業,2020/10/12
258,2250,IKKA-KY,汽車工業,2021/05/31
259,2301,光寶科,電腦及週邊設備業,1995/11/17
260,2302,麗正,半導體業,1985/01/15
261,2303,聯電,半導體業,1985/07/16
262,2305,全友,電腦及週邊設備業,1988/10/21
263,2308,台達電,電子零組件業,1988/12/19
264,2312,金寶,其他電子業,1989/11/07
265,2313,華通,電子零組件業,1990/07/24
266,2314,台揚,通信網路業,1990/08/08
267,2316,楠梓電,電子零組件業,1991/02/05
268,2317,鴻海,其他電子業,1991/06/18
269,2321,東訊,通信網路業,1991/11/08
270,2323,中環,光電業,1992/02/17
271,2324,仁寶,電腦及週邊設備業,1992/02/18
272,2327,國巨,電子零組件業,1993/10/22
273,2328,廣宇,電子零組件業,1993/11/09
274,2329,華泰,半導體業,1994/04/20
275,2330,台積電,半導體業,1994/09/05
276,2331,精英,電腦及週邊設備業,1994/09/21
277,2332,友訊,通信網路業,1994/10/17
278,2337,旺宏,半導體業,1995/03/15
279,2338,光罩,半導體業,1995/04/17
280,2340,台亞,半導體業,1995/05/02
281,2342,茂矽,半導體業,1995/09/19
282,2344,華邦電,半導體業,1995/10/18
283,2345,智邦,通信網路業,1995/11/15
284,2347,聯強,電子通路業,1995/12/13
285,2348,海悅,其他業,1996/01/05
286,2349,錸德,光電業,1996/04/23
287,2351,順德,半導體業,1996/04/25
288,2352,佳世達,電腦及週邊設備業,1996/07/22
289,2353,宏碁,電腦及週邊設備業,1996/09/18
290,2354,鴻準,其他電子業,1996/10/08
291,2355,敬鵬,電子零組件業,1996/10/14
292,2356,英業達,電腦及週邊設備業,1996/11/13
293,2357,華碩,電腦及週邊設備業,1996/11/14
294,2358,廷鑫,其他業,1996/12/18
295,2359,所羅門,其他電子業,1996/12/19
296,2360,致茂,其他電子業,1996/12/21
297,2362,藍天,電腦及週邊設備業,1997/04/02
298,2363,矽統,半導體業,1997/08/01
299,2364,倫飛,電腦及週邊設備業,1997/08/11
300,2365,昆盈,電腦及週邊設備業,1997/11/03
301,2367,燿華,電子零組件業,1997/12/13
302,2368,金像電,電子零組件業,1998/03/09
303,2369,菱生,半導體業,1998/04/10
304,2371,大同,電機機械,1962/02/09
305,2373,震旦行,其他電子業,1991/08/01
306,2374,佳能,光電業,1995/01/16
307,2375,凱美,電子零組件業,1998/08/29
308,2376,技嘉,電腦及週邊設備業,1998/09/24
309,2377,微星,電腦及週邊設備業,1998/10/31
310,2379,瑞昱,半導體業,1998/10/26
311,2380,虹光,電腦及週邊設備業,1998/12/03
312,2382,廣達,電腦及週邊設備業,1999/01/08
313,2383,台光電,電子零組件業,1998/11/27
314,2385,群光,電子零組件業,1999/01/05
315,2387,精元,電腦及週邊設備業,1999/01/25
316,2388,威盛,半導體業,1999/03/05
317,2390,云辰,其他電子業,1999/06/15
318,2392,正崴,電子零組件業,1999/09/20
319,2393,億光,光電業,1999/11/04
320,2395,研華,電腦及週邊設備業,1999/12/13
321,2397,友通,電腦及週邊設備業,2000/01/15
322,2399,映泰,電腦及週邊設備業,1999/12/16
323,2401,凌陽,半導體業,2000/01/27
324,2402,毅嘉,電子零組件業,2000/01/14
325,2404,漢唐,其他電子業,2000/03/14
326,2405,輔信,電腦及週邊設備業,2000/03/17
327,2406,國碩,光電業,2000/04/29
328,2408,南亞科,半導體業,2000/08/17
329,2409,友達,光電業,2000/09/08
330,2412,中華電,通信網路業,2000/10/27
331,2413,環科,電子零組件業,2000/09/11
332,2414,精技,電子通路業,2000/09/11
333,2415,錩新,電子零組件業,2000/09/11
334,2417,圓剛,電腦及週邊設備業,2000/09/11
335,2419,仲琦,通信網路業,2000/09/11
336,2420,新巨,電子零組件業,2000/09/11
337,2421,建準,電子零組件業,2000/09/11
338,2423,固緯,其他電子業,2000/09/11
339,2424,隴華,電腦及週邊設備業,2000/09/11
340,2425,承啟,電腦及週邊設備業,2000/09/11
341,2426,鼎元,光電業,2000/09/11
342,2427,三商電,資訊服務業,2000/09/11
343,2428,興勤,電子零組件業,2000/09/11
344,2429,銘旺科,光電業,2000/09/11
345,2430,燦坤,電子通路業,2000/09/11
346,2431,聯昌,電子零組件業,2000/09/11
347,2433,互盛電,其他電子業,2000/09/11
348,2434,統懋,半導體業,2000/09/11
349,2436,偉詮電,半導體業,2000/09/11
350,2438,翔耀,光電業,2000/09/11
351,2439,美律,通信網路業,2000/09/11
352,2440,太空梭,電子零組件業,2000/11/10
353,2441,超豐,半導體業,2000/10/26
354,2442,新美齊,電腦及週邊設備業,2000/11/22
355,2443,昶虹,其他業,2001/01/03
356,2444,兆勁,通信網路業,2000/12/08
357,2449,京元電子,半導體業,2001/05/09
358,2450,神腦,通信網路業,2001/05/24
359,2451,創見,半導體業,2001/05/03
360,2453,凌群,資訊服務業,2001/05/22
361,2454,聯發科,半導體業,2001/07/23
362,2455,全新,通信網路業,2002/01/24
363,2457,飛宏,電子零組件業,2001/09/17
364,2458,義隆,半導體業,2001/09/17
365,2459,敦吉,其他電子業,2001/09/17
366,2460,建通,電子零組件業,2001/09/17
367,2461,光群雷,其他電子業,2001/09/17
368,2462,良得電,電子零組件業,2001/09/17
369,2464,盟立,其他電子業,2001/09/17
370,2465,麗臺,電腦及週邊設備業,2001/09/19
371,2466,冠西電,光電業,2001/09/17
372,2467,志聖,電子零組件業,2001/09/17
373,2468,華經,資訊服務業,2001/09/17
374,2471,資通,資訊服務業,2001/09/17
375,2472,立隆電,電子零組件業,2001/09/17
376,2474,可成,其他電子業,2001/09/17
377,2476,鉅祥,電子零組件業,2001/09/17
378,2477,美隆電,其他電子業,2001/09/17
379,2478,大毅,電子零組件業,2001/09/17
380,2480,敦陽科,資訊服務業,2001/09/17
381,2481,強茂,半導體業,2001/09/17
382,2482,連宇,其他電子業,2001/09/17
383,2483,百容,電子零組件業,2001/09/17
384,2484,希華,電子零組件業,2001/09/17
385,2485,兆赫,通信網路業,2001/09/17
386,2486,一詮,光電業,2001/09/19
387,2488,漢平,其他電子業,2001/09/17
388,2489,瑞軒,光電業,2001/09/17
389,2491,吉祥全,光電業,2001/09/17
390,2492,華新科,電子零組件業,2001/09/17
391,2493,揚博,電子零組件業,2002/01/23
392,2495,普安,電腦及週邊設備業,2002/03/25
393,2496,卓越,其他業,2002/03/08
394,2497,怡利電,汽車工業,2002/02/04
395,2498,宏達電,通信網路業,2002/03/26
396,2501,國建,建材營造業,1967/10/28
397,2504,國產,建材營造業,1978/03/14
398,2505,國揚,建材營造業,1979/11/14
399,2506,太設,建材營造業,1980/02/02
400,2509,全坤建,建材營造業,1988/05/20
401,2511,太子,建材營造業,1991/04/24
402,2514,龍邦,其他業,1992/09/26
403,2515,中工,建材營造業,1993/03/02
404,2516,新建,建材營造業,1993/05/25
405,2520,冠德,建材營造業,1993/10/27
406,2524,京城,建材營造業,1994/10/18
407,2527,宏璟,建材營造業,1995/03/06
408,2528,皇普,建材營造業,1995/03/10
409,2530,華建,建材營造業,1995/10/12
410,2534,宏盛,建材營造業,1996/02/12
411,2535,達欣工,建材營造業,1996/03/11
412,2536,宏普,建材營造業,1996/03/14
413,2537,聯上發,建材營造業,1996/09/06
414,2538,基泰,建材營造業,1996/11/01
415,2539,櫻花建,建材營造業,1997/07/16
416,2540,愛山林,建材營造業,1989/12/26
417,2542,興富發,建材營造業,1999/05/03
418,2543,皇昌,建材營造業,1999/10/15
419,2545,皇翔,建材營造業,2000/09/11
420,2546,根基,建材營造業,2000/09/11
421,2547,日勝生,建材營造業,2000/12/22
422,2548,華固,建材營造業,2002/08/26
423,2597,潤弘,建材營造業,2010/03/26
424,2601,益航,貿易百貨業,1965/11/04
425,2603,長榮,航運業,1987/09/21
426,2605,新興,航運業,1989/12/08
427,2606,裕民,航運業,1990/12/08
428,2607,榮運,航運業,1990/12/14
429,2608,嘉里大榮,航運業,1990/12/20
430,2609,陽明,航運業,1992/04/20
431,2610,華航,航運業,1993/02/26
432,2611,志信,航運業,1993/10/28
433,2612,中航,航運業,1994/10/20
434,2613,中櫃,航運業,1995/01/20
435,2614,東森,其他業,1995/09/23
436,2615,萬海,航運業,1996/05/16
437,2616,山隆,油電燃氣業,1997/11/08
438,2617,台航,航運業,1998/06/24
439,2618,長榮航,航運業,2001/09/17
440,2630,亞航,航運業,2018/02/22
441,2633,台灣高鐵,航運業,2016/10/27
442,2634,漢翔,航運業,2014/08/25
443,2636,台驊投控,航運業,2016/12/22
444,2637,慧洋-KY,航運業,2010/12/01
445,2642,宅配通,航運業,2013/12/12
446,2701,萬企,觀光事業,1965/03/22
447,2702,華園,觀光事業,1965/02/14
448,2704,國賓,觀光事業,1982/11/10
449,2705,六福,觀光事業,1988/12/24
450,2706,第一店,觀光事業,1991/06/25
451,2707,晶華,觀光事業,1998/03/09
452,2712,遠雄來,觀光事業,2013/12/03
453,2722,夏都,觀光事業,2012/03/14
454,2723,美食-KY,觀光事業,2010/11/22
455,2727,王品,觀光事業,2012/03/06
456,2731,雄獅,觀光事業,2013/09/24
457,2739,寒舍,觀光事業,2016/05/19
458,2748,雲品,觀光事業,2016/11/23
459,2753,八方雲集,觀光事業,2021/09/09
460,2801,彰銀,金融保險業,1962/02/15
461,2809,京城銀,金融保險業,1983/07/20
462,2812,台中銀,金融保險業,1984/05/15
463,2816,旺旺保,金融保險業,1992/05/05
464,2820,華票,金融保險業,1994/10/26
465,2832,台產,金融保險業,1997/09/30
466,2834,臺企銀,金融保險業,1998/01/03
467,2836,高雄銀,金融保險業,1998/05/18
468,2838,聯邦銀,金融保險業,1998/06/29
469,2845,遠東銀,金融保險業,1998/11/27
470,2849,安泰銀,金融保險業,1999/09/27
471,2850,新產,金融保險業,2000/05/22
472,2851,中再保,金融保險業,2000/07/06
473,2852,第一保,金融保險業,2000/11/28
474,2855,統一證,金融保險業,2002/09/16
475,2867,三商壽,金融保險業,2012/12/18
476,2880,華南金,金融保險業,2001/12/19
477,2881,富邦金,金融保險業,2001/12/19
478,2882,國泰金,金融保險業,2001/12/31
479,2883,開發金,金融保險業,2001/12/28
480,2884,玉山金,金融保險業,2002/01/28
481,2885,元大金,金融保險業,2002/02/04
482,2886,兆豐金,金融保險業,2002/02/04
483,2887,台新金,金融保險業,2002/02/18
484,2888,新光金,金融保險業,2002/02/19
485,2889,國票金,金融保險業,2002/03/26
486,2890,永豐金,金融保險業,2002/05/09
487,2891,中信金,金融保險業,2002/05/17
488,2892,第一金,金融保險業,2003/01/02
489,2897,王道銀行,金融保險業,2017/05/05
490,2901,欣欣,貿易百貨業,1976/05/07
491,2903,遠百,貿易百貨業,1978/10/11
492,2904,匯僑,其他業,1983/01/05
493,2905,三商,貿易百貨業,1988/09/19
494,2906,高林,貿易百貨業,1989/12/26
495,2908,特力,貿易百貨業,1993/02/18
496,2910,統領,貿易百貨業,1996/12/30
497,2911,麗嬰房,貿易百貨業,1997/01/18
498,2912,統一超,貿易百貨業,1997/08/22
499,2913,農林,貿易百貨業,1962/02/09
500,2915,潤泰全,貿易百貨業,1977/07/20
501,2923,鼎固-KY,建材營造業,2012/12/07
502,2929,淘帝-KY,貿易百貨業,2013/12/30
503,2939,凱羿-KY,貿易百貨業,2018/01/11
504,2945,三商家購,貿易百貨業,2021/11/30
505,3002,歐格,電腦及週邊設備業,2002/01/23
506,3003,健和興,電子零組件業,2002/02/19
507,3004,豐達科,鋼鐵工業,2002/02/25
508,3005,神基,電腦及週邊設備業,2002/02/25
509,3006,晶豪科,半導體業,2002/03/04
510,3008,大立光,光電業,2002/03/11
511,3010,華立,電子通路業,2002/07/22
512,3011,今皓,電子零組件業,2002/07/22
513,3013,晟銘電,電腦及週邊設備業,2002/09/16
514,3014,聯陽,半導體業,2002/10/29
515,3015,全漢,電子零組件業,2002/10/16
516,3016,嘉晶,半導體業,2002/12/24
517,3017,奇鋐,電腦及週邊設備業,2002/09/27
518,3018,同開,其他電子業,2002/08/26
519,3019,亞光,光電業,2002/08/26
520,3021,鴻名,電子零組件業,2002/08/26
521,3022,威強電,電腦及週邊設備業,2002/08/26
522,3023,信邦,電子零組件業,2002/08/26
523,3024,憶聲,光電業,2002/08/26
524,3025,星通,通信網路業,2002/08/26
525,3026,禾伸堂,電子零組件業,2002/08/26
526,3027,盛達,通信網路業,2002/08/26
527,3028,增你強,電子通路業,2002/08/26
528,3029,零壹,資訊服務業,2002/08/26
529,3030,德律,其他電子業,2002/10/29
530,3031,佰鴻,光電業,2002/08/26
531,3032,偉訓,電子零組件業,2002/08/26
532,3033,威健,電子通路業,2002/08/26
533,3034,聯詠,半導體業,2002/08/26
534,3035,智原,半導體業,2002/08/26
535,3036,文曄,電子通路業,2002/08/26
536,3037,欣興,電子零組件業,2002/08/26
537,3038,全台,光電業,2002/08/26
538,3040,遠見,其他業,2002/08/26
539,3041,揚智,半導體業,2002/08/26
540,3042,晶技,電子零組件業,2002/08/26
541,3043,科風,其他電子業,2002/08/26
542,3044,健鼎,電子零組件業,2002/08/26
543,3045,台灣大,通信網路業,2002/08/26
544,3046,建碁,電腦及週邊設備業,2002/08/26
545,3047,訊舟,通信網路業,2002/08/26
546,3048,益登,電子通路業,2002/10/01
547,3049,和鑫,光電業,2002/09/27
548,3050,鈺德,光電業,2002/10/29
549,3051,力特,光電業,2002/10/28
550,3052,夆典,建材營造業,1995/11/25
551,3054,立萬利,半導體業,2002/11/18
552,3055,蔚華科,電子通路業,2002/12/12
553,3056,總太,建材營造業,2003/03/03
554,3057,喬鼎,電腦及週邊設備業,2002/12/18
555,3058,立德,電子零組件業,2002/12/09
556,3059,華晶科,光電業,2002/12/24
557,3060,銘異,電腦及週邊設備業,2003/04/21
558,3062,建漢,通信網路業,2003/07/28
559,3090,日電貿,電子零組件業,2007/12/31
560,3092,鴻碩,電子零組件業,2021/05/13
561,3094,聯傑,半導體業,2007/08/06
562,3130,一零四,資訊服務業,2006/02/17
563,3138,耀登,通信網路業,2020/12/11
564,3149,正達,光電業,2011/11/23
565,3164,景岳,生技醫療業,2010/03/22
566,3167,大量,電機機械,2013/10/21
567,3189,景碩,半導體業,2004/11/01
568,3209,全科,電子通路業,2008/11/26
569,3229,晟鈦,電子零組件業,2009/12/31
570,3231,緯創,電腦及週邊設備業,2003/08/19
571,3257,虹冠電,半導體業,2011/03/21
572,3266,昇陽,建材營造業,2014/12/24
573,3296,勝德,電子零組件業,2007/12/31
574,3305,昇貿,其他電子業,2008/07/10
575,3308,聯德,電子零組件業,2008/03/12
576,3311,閎暉,通信網路業,2004/03/08
577,3312,弘憶股,電子通路業,2010/12/29
578,3321,同泰,電子零組件業,2015/12/15
579,3338,泰碩,電子零組件業,2013/12/13
580,3346,麗清,汽車工業,2016/12/19
581,3356,奇偶,光電業,2005/03/28
582,3376,新日興,電子零組件業,2007/12/31
583,3380,明泰,通信網路業,2004/12/20
584,3406,玉晶光,光電業,2005/12/20
585,3413,京鼎,半導體業,2015/07/28
586,3416,融程電,電腦及週邊設備業,2015/01/23
587,3419,譁裕,通信網路業,2008/01/21
588,3432,台端,電子零組件業,2010/12/30
589,3437,榮創,光電業,2014/07/09
590,3443,創意,半導體業,2006/11/03
591,3447,展達,通信網路業,2022/12/15
592,3450,聯鈞,半導體業,2006/04/12
593,3454,晶睿,光電業,2011/07/22
594,3481,群創,光電業,2006/10/24
595,3494,誠研,電腦及週邊設備業,2007/12/13
596,3501,維熹,電子零組件業,2007/09/20
597,3504,揚明光,光電業,2007/01/26
598,3515,華擎,電腦及週邊設備業,2007/11/08
599,3518,柏騰,其他電子業,2007/11/28
600,3528,安馳,電子通路業,2016/05/18
601,3530,晶相光,半導體業,2018/07/16
602,3532,台勝科,半導體業,2007/12/10
603,3533,嘉澤,電子零組件業,2007/12/10
604,3535,晶彩科,光電業,2008/01/31
605,3536,誠創,半導體業,2008/04/30
606,3543,州巧,光電業,2020/04/15
607,3545,敦泰,半導體業,2007/07/03
608,3550,聯穎,電子零組件業,2010/11/10
609,3557,嘉威,其他業,2008/02/27
610,3563,牧德,光電業,2019/04/02
611,3576,聯合再生,光電業,2009/01/12
612,3583,辛耘,半導體業,2013/03/12
613,3588,通嘉,半導體業,2009/08/14
614,3591,艾笛森,光電業,2010/11/12
615,3592,瑞鼎,半導體業,2022/01/07
616,3593,力銘,電子零組件業,2009/03/16
617,3596,智易,通信網路業,2009/03/11
618,3605,宏致,電子零組件業,2009/03/26
619,3607,谷崧,電子零組件業,2009/10/28
620,3617,碩天,其他電子業,2009/12/23
621,3622,洋華,光電業,2009/03/25
622,3645,達邁,電子零組件業,2011/10/05
623,3652,精聯,電腦及週邊設備業,2022/09/21
624,3653,健策,電子零組件業,2009/11/18
625,3661,世芯-KY,半導體業,2014/10/28
626,3665,貿聯-KY,其他電子業,2011/04/21
627,3669,圓展,通信網路業,2011/08/25
628,3673,TPK-KY,光電業,2010/10/29
629,3679,新至陞,電子零組件業,2011/10/05
630,3682,亞太電,通信網路業,2013/08/05
631,3686,達能,半導體業,2010/07/20
632,3694,海華,通信網路業,2011/05/03
633,3701,大眾控,電腦及週邊設備業,2004/08/30
634,3702,大聯大,電子通路業,2005/11/09
635,3703,欣陸,建材營造業,2010/04/08
636,3704,合勤控,通信網路業,2010/08/16
637,3705,永信,生技醫療業,2011/01/03
638,3706,神達,電腦及週邊設備業,2013/09/12
639,3708,上緯投控,化學工業,2016/08/31
640,3711,日月光投控,半導體業,2018/04/30
641,3712,永崴投控,電腦及週邊設備業,2018/10/01
642,3714,富采,光電業,2021/01/06
643,3715,定穎投控,電子零組件業,2022/08/25
644,4104,佳醫,生技醫療業,2007/12/31
645,4106,雃博,生技醫療業,2004/11/08
646,4108,懷特,生技醫療業,2008/07/16
647,4119,旭富,生技醫療業,2004/01/07
648,4133,亞諾法,生技醫療業,2009/12/28
649,4137,麗豐-KY,生技醫療業,2013/11/27
650,4142,國光生,生技醫療業,2012/05/03
651,4148,全宇生技-KY,生技醫療業,2017/06/08
652,4155,訊映,生技醫療業,2017/12/05
653,4164,承業醫,生技醫療業,2012/10/24
654,4190,佐登-KY,生技醫療業,2015/10/21
2000,4205,中華食,傳產-食品,2100/01/01
655,4306,炎洲,塑膠工業,2008/01/21
656,4414,如興,紡織纖維,2004/09/06
657,4426,利勤,紡織纖維,2011/12/16
658,4438,廣越,紡織纖維,2016/10/18
659,4439,冠星-KY,紡織纖維,2019/12/05
660,4440,宜新實業,紡織纖維,2021/10/25
661,4526,東台,電機機械,2003/09/15
662,4532,瑞智,電機機械,2003/08/04
663,4536,拓凱,其他業,2013/10/09
664,4540,全球傳動,電機機械,2018/08/15
665,4545,銘鈺,電子零組件業,2016/01/06
666,4551,智伸科,汽車工業,2015/08/10
667,4552,力達-KY,電機機械,2016/07/20
668,4555,氣立,電機機械,2015/10/27
669,4557,永新-KY,汽車工業,2015/10/12
670,4560,強信-KY,電機機械,2017/05/26
671,4562,穎漢,電機機械,2017/08/21
672,4564,元翎,電機機械,2019/03/07
673,4566,時碩工業,電機機械,2018/02/05
674,4571,鈞興-KY,電機機械,2019/09/17
675,4572,駐龍,電機機械,2019/09/10
676,4576,大銀微系統,電機機械,2019/09/04
677,4581,光隆精密-KY,汽車工業,2020/03/09
678,4583,台灣精銳,電機機械,2022/05/09
679,4720,德淵,化學工業,2015/06/24
680,4722,國精化,化學工業,2012/08/15
681,4737,華廣,生技醫療業,2010/12/23
682,4739,康普,化學工業,2017/09/08
683,4746,台耀,生技醫療業,2011/03/01
684,4755,三福化,化學工業,2013/11/27
685,4763,材料-KY,化學工業,2015/11/09
686,4764,雙鍵,化學工業,2018/01/04
687,4766,南寶,化學工業,2018/11/28
688,4770,上品,化學工業,2021/12/22
689,4807,日成-KY,貿易百貨業,2017/06/26
690,4904,遠傳,通信網路業,2005/08/24
691,4906,正文,通信網路業,2003/06/30
692,4912,聯德控股-KY,電子零組件業,2015/05/21
693,4915,致伸,電子零組件業,2012/10/05
694,4916,事欣科,電腦及週邊設備業,2013/11/21
695,4919,新唐,半導體業,2010/09/27
696,4927,泰鼎-KY,電子零組件業,2015/09/08
697,4930,燦星網,電器電纜,2010/06/21
698,4934,太極,光電業,2010/03/10
699,4935,茂林-KY,光電業,2011/07/28
700,4938,和碩,電腦及週邊設備業,2010/06/24
701,4942,嘉彰,光電業,2011/06/27
702,4943,康控-KY,電子零組件業,2016/11/11
703,4952,凌通,半導體業,2011/11/01
704,4956,光鋐,光電業,2011/10/24
705,4958,臻鼎-KY,電子零組件業,2011/12/26
706,4960,誠美材,光電業,2011/10/24
707,4961,天鈺,半導體業,2018/10/17
708,4967,十銓,半導體業,2019/01/14
709,4968,立積,半導體業,2015/11/13
710,4976,佳凌,光電業,2012/11/20
711,4977,眾達-KY,通信網路業,2013/11/20
712,4989,榮科,電子零組件業,2018/06/28
713,4994,傳奇,資訊服務業,2013/12/25
714,4999,鑫禾,電子零組件業,2013/06/03
715,5007,三星,鋼鐵工業,2011/09/16
716,5203,訊連,資訊服務業,2004/09/27
717,5215,科嘉-KY,電腦及週邊設備業,2011/12/26
718,5222,全訊,半導體業,2021/10/25
719,5225,東科-KY,其他電子業,2012/11/05
720,5234,達興材料,光電業,2012/07/16
721,5243,乙盛-KY,光電業,2013/11/25
722,5244,弘凱,光電業,2022/01/19
723,5258,虹堡,電腦及週邊設備業,2016/12/30
724,5269,祥碩,半導體業,2012/12/12
725,5283,禾聯碩,電器電纜,2019/05/24
726,5284,jpp-KY,其他業,2017/03/09
727,5285,界霖,半導體業,2014/02/25
728,5288,豐祥-KY,電機機械,2014/09/25
729,5306,桂盟,其他業,2022/03/08
730,5388,中磊,通信網路業,2007/12/03
731,5434,崇越,電子通路業,2003/08/25
732,5469,瀚宇博,電子零組件業,2003/08/25
733,5471,松翰,半導體業,2003/08/25
734,5484,慧友,光電業,2003/08/25
735,5515,建國,建材營造業,2003/10/06
736,5519,隆大,建材營造業,2014/02/10
737,5521,工信,建材營造業,2012/12/18
738,5522,遠雄,建材營造業,2007/08/06
739,5525,順天,建材營造業,2004/11/26
740,5531,鄉林,建材營造業,2005/01/31
741,5533,皇鼎,建材營造業,2008/04/30
742,5534,長虹,建材營造業,2004/05/24
743,5538,東明-KY,鋼鐵工業,2013/12/16
744,5546,永固-KY,建材營造業,2020/05/20
745,5607,遠雄港,航運業,2004/12/02
746,5608,四維航,航運業,2003/08/25
747,5706,鳳凰,觀光事業,2011/10/21
748,5871,中租-KY,其他業,2011/12/13
749,5876,上海商銀,金融保險業,2018/10/19
750,5880,合庫金,金融保險業,2011/12/01
751,5906,台南-KY,貿易百貨業,2011/10/24
752,5907,大洋-KY,貿易百貨業,2012/06/06
753,6005,群益證,金融保險業,2005/11/21
754,6024,群益期,金融保險業,2017/10/16
755,6108,競國,電子零組件業,2008/12/30
756,6112,邁達特,資訊服務業,2003/08/04
757,6115,鎰勝,電子零組件業,2004/07/19
758,6116,彩晶,光電業,2004/09/06
759,6117,迎廣,電腦及週邊設備業,2003/08/25
760,6120,達運,光電業,2006/09/13
761,6128,上福,電腦及週邊設備業,2003/06/16
762,6133,金橋,電子零組件業,2003/08/15
763,6136,富爾特,通信網路業,2003/08/25
764,6139,亞翔,其他電子業,2003/08/25
765,6141,柏承,電子零組件業,2003/10/22
766,6142,友勁,通信網路業,2003/08/04
767,6152,百一,通信網路業,2009/12/08
768,6153,嘉聯益,電子零組件業,2008/01/21
769,6155,鈞寶,電子零組件業,2006/08/18
770,6164,華興,光電業,2008/10/21
771,6165,浪凡,其他業,2003/08/04
772,6166,凌華,電腦及週邊設備業,2004/11/08
773,6168,宏齊,光電業,2003/08/25
774,6176,瑞儀,光電業,2007/05/15
775,6177,達麗,建材營造業,2013/08/01
776,6183,關貿,資訊服務業,2011/12/01
777,6184,大豐電,其他業,2005/02/15
778,6189,豐藝,電子通路業,2004/05/24
779,6191,精成科,電子零組件業,2007/10/19
780,6192,巨路,其他電子業,2004/09/27
781,6196,帆宣,其他電子業,2004/05/24
782,6197,佳必琪,電子零組件業,2004/11/08
783,6201,亞弘電,其他電子業,2004/09/27
784,6202,盛群,半導體業,2004/09/27
785,6205,詮欣,電子零組件業,2008/01/21
786,6206,飛捷,電腦及週邊設備業,2004/08/03
787,6209,今國光,光電業,2004/11/08
788,6213,聯茂,電子零組件業,2008/01/21
789,6214,精誠,資訊服務業,2010/12/30
790,6215,和椿,其他電子業,2007/12/31
791,6216,居易,通信網路業,2004/09/27
792,6224,聚鼎,電子零組件業,2009/09/17
793,6225,天瀚,光電業,2004/09/27
794,6226,光鼎,光電業,2008/11/10
795,6230,尼得科超眾,電腦及週邊設備業,2010/09/16
796,6235,華孚,電腦及週邊設備業,2004/08/23
797,6239,力成,半導體業,2004/11/08
798,6243,迅杰,半導體業,2009/12/17
799,6257,矽格,半導體業,2003/08/25
800,6269,台郡,電子零組件業,2003/09/23
801,6271,同欣電,半導體業,2007/11/16
802,6277,宏正,電腦及週邊設備業,2003/10/30
803,6278,台表科,光電業,2010/08/24
804,6281,全國電,電子通路業,2005/12/08
805,6282,康舒,電子零組件業,2003/09/08
806,6283,淳安,其他電子業,2008/01/21
807,6285,啟碁,通信網路業,2003/09/22
808,6288,聯嘉,汽車工業,2018/05/09
809,6405,悅城,光電業,2013/11/28
810,6409,旭隼,其他電子業,2014/03/31
811,6412,群電,電子零組件業,2013/11/08
812,6414,樺漢,電腦及週邊設備業,2014/03/28
813,6415,矽力*-KY,半導體業,2013/12/12
814,6416,瑞祺電通,通信網路業,2018/04/16
815,6426,統新,通信網路業,2021/03/24
816,6431,光麗-KY,生技醫療業,2014/12/04
817,6438,迅得,其他電子業,2021/01/19
818,6442,光聖,通信網路業,2015/07/14
819,6443,元晶,光電業,2015/10/01
820,6449,鈺邦,電子零組件業,2014/12/09
821,6451,訊芯-KY,半導體業,2015/01/26
822,6456,GIS-KY,光電業,2015/06/12
823,6464,台數科,其他業,2015/12/16
824,6477,安集,光電業,2016/06/21
825,6491,晶碩,生技醫療業,2019/10/07
826,6504,南六,其他業,2013/05/07
827,6505,台塑化,油電燃氣業,2003/12/26
828,6515,穎崴,半導體業,2021/01/20
829,6525,捷敏-KY,半導體業,2016/04/12
830,6531,愛普*,半導體業,2016/05/31
831,6533,晶心科,半導體業,2017/03/14
832,6541,泰福-KY,生技醫療業,2017/10/26
833,6550,北極星藥業-KY,生技醫療業,2022/06/06
834,6552,易華電,半導體業,2017/01/10
835,6558,興能高,其他電子業,2018/12/05
836,6573,虹揚-KY,半導體業,2017/09/26
837,6579,研揚,電腦及週邊設備業,2017/08/21
838,6581,鋼聯,其他業,2018/01/30
839,6582,申豐,橡膠工業,2017/06/14
840,6585,鼎基,其他業,2022/05/20
841,6591,動力-KY,電腦及週邊設備業,2017/12/28
842,6592,和潤企業,其他業,2019/12/09
843,6598,ABC-KY,生技醫療業,2020/06/09
844,6605,帝寶,汽車工業,2004/03/17
845,6625,必應,其他業,2018/02/07
846,6641,基士德-KY,其他業,2018/09/21
847,6655,科定,其他業,2018/11/28
848,6666,羅麗芬-KY,生技醫療業,2018/11/19
849,6668,中揚光,光電業,2018/12/12
850,6669,緯穎,電腦及週邊設備業,2019/03/27
851,6670,復盛應用,其他業,2018/12/18
852,6671,三能-KY,其他業,2018/12/11
853,6672,騰輝電子-KY,電子零組件業,2019/04/17
854,6674,鋐寶科技,通信網路業,2018/11/28
855,6689,伊雲谷,其他電子業,2022/09/13
856,6691,洋基工程,其他電子業,2022/01/03
857,6695,芯鼎,半導體業,2022/11/04
858,6698,旭暉應材,其他電子業,2019/11/25
859,6706,惠特,光電業,2019/12/19
860,6715,嘉基,電子零組件業,2019/12/12
861,6719,力智,半導體業,2022/01/13
862,6743,安普新,其他電子業,2020/12/14
863,6754,匯僑設計,其他業,2020/08/25
864,6756,威鋒電子,半導體業,2020/12/24
865,6768,志強-KY,其他業,2021/04/22
866,6770,力積電,半導體業,2021/12/06
867,6776,展碁國際,電子通路業,2021/03/31
868,6781,AES-KY,電子零組件業,2021/03/22
869,6782,視陽,生技醫療業,2022/11/28
870,6789,采鈺,半導體業,2022/06/30
871,6790,永豐實,造紙工業,2021/09/29
872,6792,詠業,通信網路業,2021/12/08
873,6796,晉弘,生技醫療業,2022/06/01
874,6799,來頡,半導體業,2022/05/12
875,6806,森崴能源,其他業,2021/11/15
876,6807,峰源-KY,其他業,2022/04/25
877,6830,汎銓,其他電子業,2022/08/31
878,6834,天二科技,電子零組件業,2022/09/01
879,6835,圓裕,電子零組件業,2022/11/10
880,8011,台通,通信網路業,2011/09/19
881,8016,矽創,半導體業,2003/12/25
882,8021,尖點,其他電子業,2008/01/21
883,8028,昇陽半導體,半導體業,2018/07/10
884,8033,雷虎,其他業,2007/06/21
885,8039,台虹,電子零組件業,2009/12/17
886,8046,南電,電子零組件業,2006/04/07
887,8070,長華*,電子通路業,2007/12/31
888,8072,陞泰,電子通路業,2005/08/19
889,8081,致新,半導體業,2008/12/30
890,8101,華冠,通信網路業,2004/07/01
891,8103,瀚荃,電子零組件業,2009/09/29
892,8104,錸寶,光電業,2019/01/17
893,8105,凌巨,光電業,2006/12/27
894,8110,華東,半導體業,2007/10/31
895,8112,至上,電子通路業,2007/12/31
896,8114,振樺電,電腦及週邊設備業,2012/11/26
897,8131,福懋科,半導體業,2007/11/29
898,8150,南茂,半導體業,2014/04/11
899,8163,達方,電腦及週邊設備業,2007/11/28
900,8201,無敵,其他電子業,2007/10/29
901,8210,勤誠,電腦及週邊設備業,2011/12/01
902,8213,志超,電子零組件業,2009/12/25
903,8215,明基材,光電業,2010/11/12
904,8222,寶一,電機機械,2015/01/27
905,8249,菱光,電子零組件業,2005/05/17
906,8261,富鼎,半導體業,2009/12/11
907,8271,宇瞻,半導體業,2010/12/29
908,8341,日友,其他業,2015/03/23
909,8367,建新國際,航運業,2018/09/12
910,8374,羅昇,電機機械,2008/12/25
911,8404,百和興業-KY,其他業,2011/05/18
912,8411,福貞-KY,其他業,2011/11/01
913,8422,可寧衛,其他業,2011/10/05
914,8429,金麗-KY,貿易百貨業,2012/12/20
915,8438,昶昕,其他業,2022/03/11
916,8442,威宏-KY,其他業,2016/11/08
917,8443,阿瘦,貿易百貨業,2014/09/15
918,8454,富邦媒,貿易百貨業,2014/12/19
919,8462,柏文,觀光事業,2019/03/15
920,8463,潤泰材,其他業,2015/07/13
921,8464,億豐,其他業,2015/12/22
922,8466,美吉吉-KY,其他業,2016/11/01
923,8467,波力-KY,其他業,2015/12/15
924,8473,山林水,其他業,2016/09/08
925,8478,東哥遊艇,其他業,2017/12/11
926,8480,泰昇-KY,其他業,2017/01/17
927,8481,政伸,其他業,2017/02/24
928,8482,商億-KY,其他業,2018/08/15
929,8488,吉源-KY,其他業,2016/12/13
930,8499,鼎炫-KY,其他電子業,2017/11/24
931,8926,台汽電,油電燃氣業,2003/08/25
932,8940,新天地,觀光事業,2009/05/15
933,8996,高力,電機機械,2014/02/14
934,9802,鈺齊-KY,其他業,2012/10/18
935,9902,台火,其他業,1964/07/14
936,9904,寶成,其他業,1990/01/19
937,9905,大華,其他業,1990/08/08
938,9906,欣巴巴,建材營造業,1990/12/15
939,9907,統一實,其他業,1991/01/29
940,9908,大台北,油電燃氣業,1991/02/06
941,9910,豐泰,其他業,1992/02/18
942,9911,櫻花,其他業,1992/07/16
943,9912,偉聯,電腦及週邊設備業,1992/08/08
944,9914,美利達,其他業,1992/09/30
945,9917,中保科,其他業,1993/12/08
946,9918,欣天然,油電燃氣業,1994/04/26
947,9919,康那香,其他業,1994/11/04
948,9921,巨大,其他業,1994/12/29
949,9924,福興,其他業,1995/03/15
950,9925,新保,其他業,1995/12/09
951,9926,新海,油電燃氣業,1998/04/08
952,9927,泰銘,其他業,1999/03/12
953,9928,中視,其他業,1999/08/09
954,9929,秋雨,其他業,1999/06/28
955,9930,中聯資源,其他業,1999/11/22
956,9931,欣高,油電燃氣業,2000/03/21
957,9933,中鼎,其他業,1993/05/28
958,9934,成霖,其他業,2000/09/11
959,9935,慶豐富,其他業,2000/09/11
960,9937,全國,油電燃氣業,2000/09/11
961,9938,百和,其他業,2001/01/12
962,9939,宏全,其他業,2001/03/02
963,9940,信義,其他業,2001/09/17
964,9941,裕融,其他業,2001/09/17
965,9942,茂順,其他業,2002/01/28
966,9943,好樂迪,觀光事業,2002/08/26
967,9944,新麗,其他業,2002/08/26
968,9945,潤泰新,其他業,1992/04/30
969,9946,三發地產,建材營造業,2013/09/17
970,9955,佳龍,其他業,2008/01/21
971,9958,世紀鋼,鋼鐵工業,2008/03/12
